source_file,manifest_line,summary_line,provenance_id,schema,timestamp_epoch_ms,os,compiler,cpp,hardware_threads,build_commit,build_flags,entries,payload_bytes,trial,policy,policy_display,group_size,durable_during_append,durability_label,reopen_precondition,unsafe_warning,status,append_calls,append_wall_ns,append_cpu_ns,append_ops_per_second,final_explicit_flush_performed,final_flush_wall_ns,final_flush_cpu_ns,file_bytes,reopen_scan_wall_ns,recovered_entry_count,recovered_commit_index
raw-includes-nondurable.jsonl.gz,1,2,P1,detlog-wal-bench/v1,1783963396544,windows,gcc 11.3.0,202002,20,25638317094f5a451d7715e301b375e37d87bbb6,g++ 11.3.0 -std=c++20 -O3 -DNDEBUG -Wall -Wextra -Wpedantic -Wconversion -Wsign-conversion -Wshadow,100,64,1,flush-every,flush every append,1,True,DURABLE_ACKNOWLEDGEMENTS_DURING_APPEND,append-policy-already-flushed,,ok,100,3171669600,3171000000,31.529,False,0,0,21561,7270200,100,100
raw-includes-nondurable.jsonl.gz,3,4,P1,detlog-wal-bench/v1,1783963400378,windows,gcc 11.3.0,202002,20,25638317094f5a451d7715e301b375e37d87bbb6,g++ 11.3.0 -std=c++20 -O3 -DNDEBUG -Wall -Wextra -Wpedantic -Wconversion -Wsign-conversion -Wshadow,100,64,1,group,group(8),8,True,DURABLE_ACKNOWLEDGEMENTS_DURING_APPEND,append-policy-already-flushed,,ok,13,410926800,411000000,243.352,False,0,0,21561,7132900,100,100
raw-includes-nondurable.jsonl.gz,5,6,P1,detlog-wal-bench/v1,1783963401470,windows,gcc 11.3.0,202002,20,25638317094f5a451d7715e301b375e37d87bbb6,g++ 11.3.0 -std=c++20 -O3 -DNDEBUG -Wall -Wextra -Wpedantic -Wconversion -Wsign-conversion -Wshadow,100,64,1,group,group(32),32,True,DURABLE_ACKNOWLEDGEMENTS_DURING_APPEND,append-policy-already-flushed,,ok,4,140510300,140000000,711.692,False,0,0,21561,6464000,100,100
raw-includes-nondurable.jsonl.gz,7,8,P1,detlog-wal-bench/v1,1783963402242,windows,gcc 11.3.0,202002,20,25638317094f5a451d7715e301b375e37d87bbb6,g++ 11.3.0 -std=c++20 -O3 -DNDEBUG -Wall -Wextra -Wpedantic -Wconversion -Wsign-conversion -Wshadow,100,64,1,unsafe-no-flush,UNSAFE: no flush during append,1,False,UNSAFE_NONDURABLE_DURING_APPEND_ACKNOWLEDGEMENTS,explicit-final-flush-required-and-performed,UNSAFE / NONDURABLE APPEND ACKNOWLEDGEMENTS: unsafe-no-flush append throughput does not measure crash-safe commits,ok,100,1746600,1000000,57254.094,True,39206300,40000000,21561,12057300,100,100
raw-includes-nondurable.jsonl.gz,9,10,P1,detlog-wal-bench/v1,1783963402950,windows,gcc 11.3.0,202002,20,25638317094f5a451d7715e301b375e37d87bbb6,g++ 11.3.0 -std=c++20 -O3 -DNDEBUG -Wall -Wextra -Wpedantic -Wconversion -Wsign-conversion -Wshadow,100,64,2,flush-every,flush every append,1,True,DURABLE_ACKNOWLEDGEMENTS_DURING_APPEND,append-policy-already-flushed,,ok,100,3121081400,3121000000,32.04,False,0,0,21561,6548700,100,100
raw-includes-nondurable.jsonl.gz,11,12,P1,detlog-wal-bench/v1,1783963406698,windows,gcc 11.3.0,202002,20,25638317094f5a451d7715e301b375e37d87bbb6,g++ 11.3.0 -std=c++20 -O3 -DNDEBUG -Wall -Wextra -Wpedantic -Wconversion -Wsign-conversion -Wshadow,100,64,2,group,group(8),8,True,DURABLE_ACKNOWLEDGEMENTS_DURING_APPEND,append-policy-already-flushed,,ok,13,431727400,431000000,231.628,False,0,0,21561,7003100,100,100
raw-includes-nondurable.jsonl.gz,13,14,P1,detlog-wal-bench/v1,1783963407820,windows,gcc 11.3.0,202002,20,25638317094f5a451d7715e301b375e37d87bbb6,g++ 11.3.0 -std=c++20 -O3 -DNDEBUG -Wall -Wextra -Wpedantic -Wconversion -Wsign-conversion -Wshadow,100,64,2,group,group(32),32,True,DURABLE_ACKNOWLEDGEMENTS_DURING_APPEND,append-policy-already-flushed,,ok,4,129958700,130000000,769.475,False,0,0,21561,6920300,100,100
raw-includes-nondurable.jsonl.gz,15,16,P1,detlog-wal-bench/v1,1783963408638,windows,gcc 11.3.0,202002,20,25638317094f5a451d7715e301b375e37d87bbb6,g++ 11.3.0 -std=c++20 -O3 -DNDEBUG -Wall -Wextra -Wpedantic -Wconversion -Wsign-conversion -Wshadow,100,64,2,unsafe-no-flush,UNSAFE: no flush during append,1,False,UNSAFE_NONDURABLE_DURING_APPEND_ACKNOWLEDGEMENTS,explicit-final-flush-required-and-performed,UNSAFE / NONDURABLE APPEND ACKNOWLEDGEMENTS: unsafe-no-flush append throughput does not measure crash-safe commits,ok,100,1049600,2000000,95274.39,True,39406200,38000000,21561,6582400,100,100
raw-includes-nondurable.jsonl.gz,17,18,P1,detlog-wal-bench/v1,1783963409360,windows,gcc 11.3.0,202002,20,25638317094f5a451d7715e301b375e37d87bbb6,g++ 11.3.0 -std=c++20 -O3 -DNDEBUG -Wall -Wextra -Wpedantic -Wconversion -Wsign-conversion -Wshadow,100,64,3,flush-every,flush every append,1,True,DURABLE_ACKNOWLEDGEMENTS_DURING_APPEND,append-policy-already-flushed,,ok,100,3210964500,3211000000,31.143,False,0,0,21561,8416100,100,100
raw-includes-nondurable.jsonl.gz,19,20,P1,detlog-wal-bench/v1,1783963413232,windows,gcc 11.3.0,202002,20,25638317094f5a451d7715e301b375e37d87bbb6,g++ 11.3.0 -std=c++20 -O3 -DNDEBUG -Wall -Wextra -Wpedantic -Wconversion -Wsign-conversion -Wshadow,100,64,3,group,group(8),8,True,DURABLE_ACKNOWLEDGEMENTS_DURING_APPEND,append-policy-already-flushed,,ok,13,441573700,441000000,226.463,False,0,0,21561,8304100,100,100
raw-includes-nondurable.jsonl.gz,21,22,P1,detlog-wal-bench/v1,1783963414280,windows,gcc 11.3.0,202002,20,25638317094f5a451d7715e301b375e37d87bbb6,g++ 11.3.0 -std=c++20 -O3 -DNDEBUG -Wall -Wextra -Wpedantic -Wconversion -Wsign-conversion -Wshadow,100,64,3,group,group(32),32,True,DURABLE_ACKNOWLEDGEMENTS_DURING_APPEND,append-policy-already-flushed,,ok,4,150241900,151000000,665.593,False,0,0,21561,9182900,100,100
raw-includes-nondurable.jsonl.gz,23,24,P1,detlog-wal-bench/v1,1783963415056,windows,gcc 11.3.0,202002,20,25638317094f5a451d7715e301b375e37d87bbb6,g++ 11.3.0 -std=c++20 -O3 -DNDEBUG -Wall -Wextra -Wpedantic -Wconversion -Wsign-conversion -Wshadow,100,64,3,unsafe-no-flush,UNSAFE: no flush during append,1,False,UNSAFE_NONDURABLE_DURING_APPEND_ACKNOWLEDGEMENTS,explicit-final-flush-required-and-performed,UNSAFE / NONDURABLE APPEND ACKNOWLEDGEMENTS: unsafe-no-flush append throughput does not measure crash-safe commits,ok,100,1065300,1000000,93870.271,True,48800700,48000000,21561,7415600,100,100
raw-includes-nondurable.jsonl.gz,25,26,P1,detlog-wal-bench/v1,1783963432096,windows,gcc 11.3.0,202002,20,25638317094f5a451d7715e301b375e37d87bbb6,g++ 11.3.0 -std=c++20 -O3 -DNDEBUG -Wall -Wextra -Wpedantic -Wconversion -Wsign-conversion -Wshadow,100,1024,1,flush-every,flush every append,1,True,DURABLE_ACKNOWLEDGEMENTS_DURING_APPEND,append-policy-already-flushed,,ok,100,3812602900,3813000000,26.229,False,0,0,117561,8597300,100,100
raw-includes-nondurable.jsonl.gz,27,28,P1,detlog-wal-bench/v1,1783963436626,windows,gcc 11.3.0,202002,20,25638317094f5a451d7715e301b375e37d87bbb6,g++ 11.3.0 -std=c++20 -O3 -DNDEBUG -Wall -Wextra -Wpedantic -Wconversion -Wsign-conversion -Wshadow,100,1024,1,group,group(8),8,True,DURABLE_ACKNOWLEDGEMENTS_DURING_APPEND,append-policy-already-flushed,,ok,13,431181200,430000000,231.921,False,0,0,117561,7135800,100,100
raw-includes-nondurable.jsonl.gz,29,30,P1,detlog-wal-bench/v1,1783963437763,windows,gcc 11.3.0,202002,20,25638317094f5a451d7715e301b375e37d87bbb6,g++ 11.3.0 -std=c++20 -O3 -DNDEBUG -Wall -Wextra -Wpedantic -Wconversion -Wsign-conversion -Wshadow,100,1024,1,group,group(32),32,True,DURABLE_ACKNOWLEDGEMENTS_DURING_APPEND,append-policy-already-flushed,,ok,4,160589300,161000000,622.706,False,0,0,117561,10025000,100,100
raw-includes-nondurable.jsonl.gz,31,32,P1,detlog-wal-bench/v1,1783963438563,windows,gcc 11.3.0,202002,20,25638317094f5a451d7715e301b375e37d87bbb6,g++ 11.3.0 -std=c++20 -O3 -DNDEBUG -Wall -Wextra -Wpedantic -Wconversion -Wsign-conversion -Wshadow,100,1024,1,unsafe-no-flush,UNSAFE: no flush during append,1,False,UNSAFE_NONDURABLE_DURING_APPEND_ACKNOWLEDGEMENTS,explicit-final-flush-required-and-performed,UNSAFE / NONDURABLE APPEND ACKNOWLEDGEMENTS: unsafe-no-flush append throughput does not measure crash-safe commits,ok,100,1866900,2000000,53564.733,True,62621100,62000000,117561,10296700,100,100
raw-includes-nondurable.jsonl.gz,33,34,P1,detlog-wal-bench/v1,1783963439281,windows,gcc 11.3.0,202002,20,25638317094f5a451d7715e301b375e37d87bbb6,g++ 11.3.0 -std=c++20 -O3 -DNDEBUG -Wall -Wextra -Wpedantic -Wconversion -Wsign-conversion -Wshadow,100,1024,2,flush-every,flush every append,1,True,DURABLE_ACKNOWLEDGEMENTS_DURING_APPEND,append-policy-already-flushed,,ok,100,3101141300,3100000000,32.246,False,0,0,117561,7190600,100,100
raw-includes-nondurable.jsonl.gz,35,36,P1,detlog-wal-bench/v1,1783963443028,windows,gcc 11.3.0,202002,20,25638317094f5a451d7715e301b375e37d87bbb6,g++ 11.3.0 -std=c++20 -O3 -DNDEBUG -Wall -Wextra -Wpedantic -Wconversion -Wsign-conversion -Wshadow,100,1024,2,group,group(8),8,True,DURABLE_ACKNOWLEDGEMENTS_DURING_APPEND,append-policy-already-flushed,,ok,13,491453600,492000000,203.478,False,0,0,117561,7693500,100,100
raw-includes-nondurable.jsonl.gz,37,38,P1,detlog-wal-bench/v1,1783963444184,windows,gcc 11.3.0,202002,20,25638317094f5a451d7715e301b375e37d87bbb6,g++ 11.3.0 -std=c++20 -O3 -DNDEBUG -Wall -Wextra -Wpedantic -Wconversion -Wsign-conversion -Wshadow,100,1024,2,group,group(32),32,True,DURABLE_ACKNOWLEDGEMENTS_DURING_APPEND,append-policy-already-flushed,,ok,4,170017700,170000000,588.174,False,0,0,117561,8075300,100,100
raw-includes-nondurable.jsonl.gz,39,40,P1,detlog-wal-bench/v1,1783963445096,windows,gcc 11.3.0,202002,20,25638317094f5a451d7715e301b375e37d87bbb6,g++ 11.3.0 -std=c++20 -O3 -DNDEBUG -Wall -Wextra -Wpedantic -Wconversion -Wsign-conversion -Wshadow,100,1024,2,unsafe-no-flush,UNSAFE: no flush during append,1,False,UNSAFE_NONDURABLE_DURING_APPEND_ACKNOWLEDGEMENTS,explicit-final-flush-required-and-performed,UNSAFE / NONDURABLE APPEND ACKNOWLEDGEMENTS: unsafe-no-flush append throughput does not measure crash-safe commits,ok,100,1889400,2000000,52926.855,True,58618200,59000000,117561,9766700,100,100
raw-includes-nondurable.jsonl.gz,41,42,P1,detlog-wal-bench/v1,1783963445805,windows,gcc 11.3.0,202002,20,25638317094f5a451d7715e301b375e37d87bbb6,g++ 11.3.0 -std=c++20 -O3 -DNDEBUG -Wall -Wextra -Wpedantic -Wconversion -Wsign-conversion -Wshadow,100,1024,3,flush-every,flush every append,1,True,DURABLE_ACKNOWLEDGEMENTS_DURING_APPEND,append-policy-already-flushed,,ok,100,3191034700,3191000000,31.338,False,0,0,117561,10374800,100,100
raw-includes-nondurable.jsonl.gz,43,44,P1,detlog-wal-bench/v1,1783963449710,windows,gcc 11.3.0,202002,20,25638317094f5a451d7715e301b375e37d87bbb6,g++ 11.3.0 -std=c++20 -O3 -DNDEBUG -Wall -Wextra -Wpedantic -Wconversion -Wsign-conversion -Wshadow,100,1024,3,group,group(8),8,True,DURABLE_ACKNOWLEDGEMENTS_DURING_APPEND,append-policy-already-flushed,,ok,13,431889000,431000000,231.541,False,0,0,117561,10085100,100,100
raw-includes-nondurable.jsonl.gz,45,46,P1,detlog-wal-bench/v1,1783963450969,windows,gcc 11.3.0,202002,20,25638317094f5a451d7715e301b375e37d87bbb6,g++ 11.3.0 -std=c++20 -O3 -DNDEBUG -Wall -Wextra -Wpedantic -Wconversion -Wsign-conversion -Wshadow,100,1024,3,group,group(32),32,True,DURABLE_ACKNOWLEDGEMENTS_DURING_APPEND,append-policy-already-flushed,,ok,4,151053600,151000000,662.017,False,0,0,117561,10314100,100,100
raw-includes-nondurable.jsonl.gz,47,48,P1,detlog-wal-bench/v1,1783963451860,windows,gcc 11.3.0,202002,20,25638317094f5a451d7715e301b375e37d87bbb6,g++ 11.3.0 -std=c++20 -O3 -DNDEBUG -Wall -Wextra -Wpedantic -Wconversion -Wsign-conversion -Wshadow,100,1024,3,unsafe-no-flush,UNSAFE: no flush during append,1,False,UNSAFE_NONDURABLE_DURING_APPEND_ACKNOWLEDGEMENTS,explicit-final-flush-required-and-performed,UNSAFE / NONDURABLE APPEND ACKNOWLEDGEMENTS: unsafe-no-flush append throughput does not measure crash-safe commits,ok,100,2072400,2000000,48253.233,True,48344200,49000000,117561,10145500,100,100
raw-includes-nondurable.jsonl.gz,49,50,P1,detlog-wal-bench/v1,1783963472423,windows,gcc 11.3.0,202002,20,25638317094f5a451d7715e301b375e37d87bbb6,g++ 11.3.0 -std=c++20 -O3 -DNDEBUG -Wall -Wextra -Wpedantic -Wconversion -Wsign-conversion -Wshadow,100,8192,1,flush-every,flush every append,1,True,DURABLE_ACKNOWLEDGEMENTS_DURING_APPEND,append-policy-already-flushed,,ok,100,3190517800,3190000000,31.343,False,0,0,834361,31709100,100,100
raw-includes-nondurable.jsonl.gz,51,52,P1,detlog-wal-bench/v1,1783963476275,windows,gcc 11.3.0,202002,20,25638317094f5a451d7715e301b375e37d87bbb6,g++ 11.3.0 -std=c++20 -O3 -DNDEBUG -Wall -Wextra -Wpedantic -Wconversion -Wsign-conversion -Wshadow,100,8192,1,group,group(8),8,True,DURABLE_ACKNOWLEDGEMENTS_DURING_APPEND,append-policy-already-flushed,,ok,13,481744200,481000000,207.579,False,0,0,834361,21808700,100,100
raw-includes-nondurable.jsonl.gz,53,54,P1,detlog-wal-bench/v1,1783963477432,windows,gcc 11.3.0,202002,20,25638317094f5a451d7715e301b375e37d87bbb6,g++ 11.3.0 -std=c++20 -O3 -DNDEBUG -Wall -Wextra -Wpedantic -Wconversion -Wsign-conversion -Wshadow,100,8192,1,group,group(32),32,True,DURABLE_ACKNOWLEDGEMENTS_DURING_APPEND,append-policy-already-flushed,,ok,4,170649300,171000000,585.997,False,0,0,834361,14811600,100,100
raw-includes-nondurable.jsonl.gz,55,56,P1,detlog-wal-bench/v1,1783963478200,windows,gcc 11.3.0,202002,20,25638317094f5a451d7715e301b375e37d87bbb6,g++ 11.3.0 -std=c++20 -O3 -DNDEBUG -Wall -Wextra -Wpedantic -Wconversion -Wsign-conversion -Wshadow,100,8192,1,unsafe-no-flush,UNSAFE: no flush during append,1,False,UNSAFE_NONDURABLE_DURING_APPEND_ACKNOWLEDGEMENTS,explicit-final-flush-required-and-performed,UNSAFE / NONDURABLE APPEND ACKNOWLEDGEMENTS: unsafe-no-flush append throughput does not measure crash-safe commits,ok,100,7779600,8000000,12854.131,True,71422100,72000000,834361,15161700,100,100
raw-includes-nondurable.jsonl.gz,57,58,P1,detlog-wal-bench/v1,1783963478973,windows,gcc 11.3.0,202002,20,25638317094f5a451d7715e301b375e37d87bbb6,g++ 11.3.0 -std=c++20 -O3 -DNDEBUG -Wall -Wextra -Wpedantic -Wconversion -Wsign-conversion -Wshadow,100,8192,2,flush-every,flush every append,1,True,DURABLE_ACKNOWLEDGEMENTS_DURING_APPEND,append-policy-already-flushed,,ok,100,3210968000,3211000000,31.143,False,0,0,834361,16307700,100,100
raw-includes-nondurable.jsonl.gz,59,60,P1,detlog-wal-bench/v1,1783963482863,windows,gcc 11.3.0,202002,20,25638317094f5a451d7715e301b375e37d87bbb6,g++ 11.3.0 -std=c++20 -O3 -DNDEBUG -Wall -Wextra -Wpedantic -Wconversion -Wsign-conversion -Wshadow,100,8192,2,group,group(8),8,True,DURABLE_ACKNOWLEDGEMENTS_DURING_APPEND,append-policy-already-flushed,,ok,13,671495400,671000000,148.921,False,0,0,834361,25776700,100,100
raw-includes-nondurable.jsonl.gz,61,62,P1,detlog-wal-bench/v1,1783963484213,windows,gcc 11.3.0,202002,20,25638317094f5a451d7715e301b375e37d87bbb6,g++ 11.3.0 -std=c++20 -O3 -DNDEBUG -Wall -Wextra -Wpedantic -Wconversion -Wsign-conversion -Wshadow,100,8192,2,group,group(32),32,True,DURABLE_ACKNOWLEDGEMENTS_DURING_APPEND,append-policy-already-flushed,,ok,4,240002000,241000000,416.663,False,0,0,834361,16113000,100,100
raw-includes-nondurable.jsonl.gz,63,64,P1,detlog-wal-bench/v1,1783963485119,windows,gcc 11.3.0,202002,20,25638317094f5a451d7715e301b375e37d87bbb6,g++ 11.3.0 -std=c++20 -O3 -DNDEBUG -Wall -Wextra -Wpedantic -Wconversion -Wsign-conversion -Wshadow,100,8192,2,unsafe-no-flush,UNSAFE: no flush during append,1,False,UNSAFE_NONDURABLE_DURING_APPEND_ACKNOWLEDGEMENTS,explicit-final-flush-required-and-performed,UNSAFE / NONDURABLE APPEND ACKNOWLEDGEMENTS: unsafe-no-flush append throughput does not measure crash-safe commits,ok,100,12068700,12000000,8285.897,True,36467900,36000000,834361,23379400,100,100
raw-includes-nondurable.jsonl.gz,65,66,P1,detlog-wal-bench/v1,1783963485845,windows,gcc 11.3.0,202002,20,25638317094f5a451d7715e301b375e37d87bbb6,g++ 11.3.0 -std=c++20 -O3 -DNDEBUG -Wall -Wextra -Wpedantic -Wconversion -Wsign-conversion -Wshadow,100,8192,3,flush-every,flush every append,1,True,DURABLE_ACKNOWLEDGEMENTS_DURING_APPEND,append-policy-already-flushed,,ok,100,3143366200,3142000000,31.813,False,0,0,834361,21294900,100,100
raw-includes-nondurable.jsonl.gz,67,68,P1,detlog-wal-bench/v1,1783963489628,windows,gcc 11.3.0,202002,20,25638317094f5a451d7715e301b375e37d87bbb6,g++ 11.3.0 -std=c++20 -O3 -DNDEBUG -Wall -Wextra -Wpedantic -Wconversion -Wsign-conversion -Wshadow,100,8192,3,group,group(8),8,True,DURABLE_ACKNOWLEDGEMENTS_DURING_APPEND,append-policy-already-flushed,,ok,13,521306400,522000000,191.826,False,0,0,834361,16761600,100,100
raw-includes-nondurable.jsonl.gz,69,70,P1,detlog-wal-bench/v1,1783963490803,windows,gcc 11.3.0,202002,20,25638317094f5a451d7715e301b375e37d87bbb6,g++ 11.3.0 -std=c++20 -O3 -DNDEBUG -Wall -Wextra -Wpedantic -Wconversion -Wsign-conversion -Wshadow,100,8192,3,group,group(32),32,True,DURABLE_ACKNOWLEDGEMENTS_DURING_APPEND,append-policy-already-flushed,,ok,4,170065400,170000000,588.009,False,0,0,834361,23247000,100,100
raw-includes-nondurable.jsonl.gz,71,72,P1,detlog-wal-bench/v1,1783963491677,windows,gcc 11.3.0,202002,20,25638317094f5a451d7715e301b375e37d87bbb6,g++ 11.3.0 -std=c++20 -O3 -DNDEBUG -Wall -Wextra -Wpedantic -Wconversion -Wsign-conversion -Wshadow,100,8192,3,unsafe-no-flush,UNSAFE: no flush during append,1,False,UNSAFE_NONDURABLE_DURING_APPEND_ACKNOWLEDGEMENTS,explicit-final-flush-required-and-performed,UNSAFE / NONDURABLE APPEND ACKNOWLEDGEMENTS: unsafe-no-flush append throughput does not measure crash-safe commits,ok,100,7778400,8000000,12856.114,True,152334900,152000000,834361,14199200,100,100
raw-includes-nondurable.jsonl.gz,73,74,P1,detlog-wal-bench/v1,1783966983647,windows,gcc 11.3.0,202002,20,25638317094f5a451d7715e301b375e37d87bbb6,g++ 11.3.0 -std=c++20 -O3 -DNDEBUG -Wall -Wextra -Wpedantic -Wconversion -Wsign-conversion -Wshadow,1000,64,1,flush-every,flush every append,1,True,DURABLE_ACKNOWLEDGEMENTS_DURING_APPEND,append-policy-already-flushed,,ok,1000,33780737900,33781000000,29.603,False,0,0,215061,25429400,1000,1000
raw-includes-nondurable.jsonl.gz,75,76,P1,detlog-wal-bench/v1,1783967018103,windows,gcc 11.3.0,202002,20,25638317094f5a451d7715e301b375e37d87bbb6,g++ 11.3.0 -std=c++20 -O3 -DNDEBUG -Wall -Wextra -Wpedantic -Wconversion -Wsign-conversion -Wshadow,1000,64,1,group,group(8),8,True,DURABLE_ACKNOWLEDGEMENTS_DURING_APPEND,append-policy-already-flushed,,ok,125,4218884400,4220000000,237.029,False,0,0,215061,32564700,1000,1000
raw-includes-nondurable.jsonl.gz,77,78,P1,detlog-wal-bench/v1,1783967023008,windows,gcc 11.3.0,202002,20,25638317094f5a451d7715e301b375e37d87bbb6,g++ 11.3.0 -std=c++20 -O3 -DNDEBUG -Wall -Wextra -Wpedantic -Wconversion -Wsign-conversion -Wshadow,1000,64,1,group,group(32),32,True,DURABLE_ACKNOWLEDGEMENTS_DURING_APPEND,append-policy-already-flushed,,ok,32,1076934800,1077000000,928.561,False,0,0,215061,30359300,1000,1000
raw-includes-nondurable.jsonl.gz,79,80,P1,detlog-wal-bench/v1,1783967024755,windows,gcc 11.3.0,202002,20,25638317094f5a451d7715e301b375e37d87bbb6,g++ 11.3.0 -std=c++20 -O3 -DNDEBUG -Wall -Wextra -Wpedantic -Wconversion -Wsign-conversion -Wshadow,1000,64,1,unsafe-no-flush,UNSAFE: no flush during append,1,False,UNSAFE_NONDURABLE_DURING_APPEND_ACKNOWLEDGEMENTS,explicit-final-flush-required-and-performed,UNSAFE / NONDURABLE APPEND ACKNOWLEDGEMENTS: unsafe-no-flush append throughput does not measure crash-safe commits,ok,1000,17570700,17000000,56912.929,True,42912600,43000000,215061,26404600,1000,1000
raw-includes-nondurable.jsonl.gz,81,82,P1,detlog-wal-bench/v1,1783967025545,windows,gcc 11.3.0,202002,20,25638317094f5a451d7715e301b375e37d87bbb6,g++ 11.3.0 -std=c++20 -O3 -DNDEBUG -Wall -Wextra -Wpedantic -Wconversion -Wsign-conversion -Wshadow,1000,64,2,flush-every,flush every append,1,True,DURABLE_ACKNOWLEDGEMENTS_DURING_APPEND,append-policy-already-flushed,,ok,1000,34731432100,34732000000,28.792,False,0,0,215061,30177700,1000,1000
raw-includes-nondurable.jsonl.gz,83,84,P1,detlog-wal-bench/v1,1783967060999,windows,gcc 11.3.0,202002,20,25638317094f5a451d7715e301b375e37d87bbb6,g++ 11.3.0 -std=c++20 -O3 -DNDEBUG -Wall -Wextra -Wpedantic -Wconversion -Wsign-conversion -Wshadow,1000,64,2,group,group(8),8,True,DURABLE_ACKNOWLEDGEMENTS_DURING_APPEND,append-policy-already-flushed,,ok,125,4200911300,4201000000,238.044,False,0,0,215061,36479000,1000,1000
raw-includes-nondurable.jsonl.gz,85,86,P1,detlog-wal-bench/v1,1783967065942,windows,gcc 11.3.0,202002,20,25638317094f5a451d7715e301b375e37d87bbb6,g++ 11.3.0 -std=c++20 -O3 -DNDEBUG -Wall -Wextra -Wpedantic -Wconversion -Wsign-conversion -Wshadow,1000,64,2,group,group(32),32,True,DURABLE_ACKNOWLEDGEMENTS_DURING_APPEND,append-policy-already-flushed,,ok,32,1143826800,1145000000,874.258,False,0,0,215061,34125400,1000,1000
raw-includes-nondurable.jsonl.gz,87,88,P1,detlog-wal-bench/v1,1783967067775,windows,gcc 11.3.0,202002,20,25638317094f5a451d7715e301b375e37d87bbb6,g++ 11.3.0 -std=c++20 -O3 -DNDEBUG -Wall -Wextra -Wpedantic -Wconversion -Wsign-conversion -Wshadow,1000,64,2,unsafe-no-flush,UNSAFE: no flush during append,1,False,UNSAFE_NONDURABLE_DURING_APPEND_ACKNOWLEDGEMENTS,explicit-final-flush-required-and-performed,UNSAFE / NONDURABLE APPEND ACKNOWLEDGEMENTS: unsafe-no-flush append throughput does not measure crash-safe commits,ok,1000,18692200,18000000,53498.251,True,55182300,55000000,215061,25300000,1000,1000
raw-includes-nondurable.jsonl.gz,89,90,P1,detlog-wal-bench/v1,1783967068497,windows,gcc 11.3.0,202002,20,25638317094f5a451d7715e301b375e37d87bbb6,g++ 11.3.0 -std=c++20 -O3 -DNDEBUG -Wall -Wextra -Wpedantic -Wconversion -Wsign-conversion -Wshadow,1000,64,3,flush-every,flush every append,1,True,DURABLE_ACKNOWLEDGEMENTS_DURING_APPEND,append-policy-already-flushed,,ok,1000,34470452600,34470000000,29.01,False,0,0,215061,28943600,1000,1000
raw-includes-nondurable.jsonl.gz,91,92,P1,detlog-wal-bench/v1,1783967103651,windows,gcc 11.3.0,202002,20,25638317094f5a451d7715e301b375e37d87bbb6,g++ 11.3.0 -std=c++20 -O3 -DNDEBUG -Wall -Wextra -Wpedantic -Wconversion -Wsign-conversion -Wshadow,1000,64,3,group,group(8),8,True,DURABLE_ACKNOWLEDGEMENTS_DURING_APPEND,append-policy-already-flushed,,ok,125,4474913900,4475000000,223.468,False,0,0,215061,31918700,1000,1000
raw-includes-nondurable.jsonl.gz,93,94,P1,detlog-wal-bench/v1,1783967108803,windows,gcc 11.3.0,202002,20,25638317094f5a451d7715e301b375e37d87bbb6,g++ 11.3.0 -std=c++20 -O3 -DNDEBUG -Wall -Wextra -Wpedantic -Wconversion -Wsign-conversion -Wshadow,1000,64,3,group,group(32),32,True,DURABLE_ACKNOWLEDGEMENTS_DURING_APPEND,append-policy-already-flushed,,ok,32,1100437400,1101000000,908.73,False,0,0,215061,34764600,1000,1000
raw-includes-nondurable.jsonl.gz,95,96,P1,detlog-wal-bench/v1,1783967110674,windows,gcc 11.3.0,202002,20,25638317094f5a451d7715e301b375e37d87bbb6,g++ 11.3.0 -std=c++20 -O3 -DNDEBUG -Wall -Wextra -Wpedantic -Wconversion -Wsign-conversion -Wshadow,1000,64,3,unsafe-no-flush,UNSAFE: no flush during append,1,False,UNSAFE_NONDURABLE_DURING_APPEND_ACKNOWLEDGEMENTS,explicit-final-flush-required-and-performed,UNSAFE / NONDURABLE APPEND ACKNOWLEDGEMENTS: unsafe-no-flush append throughput does not measure crash-safe commits,ok,1000,19528400,21000000,51207.472,True,51059200,51000000,215061,26194200,1000,1000
raw-includes-nondurable.jsonl.gz,97,98,P1,detlog-wal-bench/v1,1783970584131,windows,gcc 11.3.0,202002,20,25638317094f5a451d7715e301b375e37d87bbb6,g++ 11.3.0 -std=c++20 -O3 -DNDEBUG -Wall -Wextra -Wpedantic -Wconversion -Wsign-conversion -Wshadow,1000,1024,1,flush-every,flush every append,1,True,DURABLE_ACKNOWLEDGEMENTS_DURING_APPEND,append-policy-already-flushed,,ok,1000,32903353800,32903000000,30.392,False,0,0,1175061,21979000,1000,1000
raw-includes-nondurable.jsonl.gz,99,100,P1,detlog-wal-bench/v1,1783970617733,windows,gcc 11.3.0,202002,20,25638317094f5a451d7715e301b375e37d87bbb6,g++ 11.3.0 -std=c++20 -O3 -DNDEBUG -Wall -Wextra -Wpedantic -Wconversion -Wsign-conversion -Wshadow,1000,1024,1,group,group(8),8,True,DURABLE_ACKNOWLEDGEMENTS_DURING_APPEND,append-policy-already-flushed,,ok,125,4317163200,4316000000,231.634,False,0,0,1175061,22088500,1000,1000
raw-includes-nondurable.jsonl.gz,101,102,P1,detlog-wal-bench/v1,1783970622720,windows,gcc 11.3.0,202002,20,25638317094f5a451d7715e301b375e37d87bbb6,g++ 11.3.0 -std=c++20 -O3 -DNDEBUG -Wall -Wextra -Wpedantic -Wconversion -Wsign-conversion -Wshadow,1000,1024,1,group,group(32),32,True,DURABLE_ACKNOWLEDGEMENTS_DURING_APPEND,append-policy-already-flushed,,ok,32,1234084400,1233000000,810.317,False,0,0,1175061,22169700,1000,1000
raw-includes-nondurable.jsonl.gz,103,104,P1,detlog-wal-bench/v1,1783970624709,windows,gcc 11.3.0,202002,20,25638317094f5a451d7715e301b375e37d87bbb6,g++ 11.3.0 -std=c++20 -O3 -DNDEBUG -Wall -Wextra -Wpedantic -Wconversion -Wsign-conversion -Wshadow,1000,1024,1,unsafe-no-flush,UNSAFE: no flush during append,1,False,UNSAFE_NONDURABLE_DURING_APPEND_ACKNOWLEDGEMENTS,explicit-final-flush-required-and-performed,UNSAFE / NONDURABLE APPEND ACKNOWLEDGEMENTS: unsafe-no-flush append throughput does not measure crash-safe commits,ok,1000,17856700,18000000,56001.389,True,61700100,62000000,1175061,24004600,1000,1000
raw-includes-nondurable.jsonl.gz,105,106,P1,detlog-wal-bench/v1,1783970625441,windows,gcc 11.3.0,202002,20,25638317094f5a451d7715e301b375e37d87bbb6,g++ 11.3.0 -std=c++20 -O3 -DNDEBUG -Wall -Wextra -Wpedantic -Wconversion -Wsign-conversion -Wshadow,1000,1024,2,flush-every,flush every append,1,True,DURABLE_ACKNOWLEDGEMENTS_DURING_APPEND,append-policy-already-flushed,,ok,1000,33220318200,33220000000,30.102,False,0,0,1175061,28317400,1000,1000
raw-includes-nondurable.jsonl.gz,107,108,P1,detlog-wal-bench/v1,1783970659430,windows,gcc 11.3.0,202002,20,25638317094f5a451d7715e301b375e37d87bbb6,g++ 11.3.0 -std=c++20 -O3 -DNDEBUG -Wall -Wextra -Wpedantic -Wconversion -Wsign-conversion -Wshadow,1000,1024,2,group,group(8),8,True,DURABLE_ACKNOWLEDGEMENTS_DURING_APPEND,append-policy-already-flushed,,ok,125,4226897400,4227000000,236.58,False,0,0,1175061,25819100,1000,1000
raw-includes-nondurable.jsonl.gz,109,110,P1,detlog-wal-bench/v1,1783970664352,windows,gcc 11.3.0,202002,20,25638317094f5a451d7715e301b375e37d87bbb6,g++ 11.3.0 -std=c++20 -O3 -DNDEBUG -Wall -Wextra -Wpedantic -Wconversion -Wsign-conversion -Wshadow,1000,1024,2,group,group(32),32,True,DURABLE_ACKNOWLEDGEMENTS_DURING_APPEND,append-policy-already-flushed,,ok,32,1206399100,1206000000,828.913,False,0,0,1175061,24763900,1000,1000
raw-includes-nondurable.jsonl.gz,111,112,P1,detlog-wal-bench/v1,1783970666244,windows,gcc 11.3.0,202002,20,25638317094f5a451d7715e301b375e37d87bbb6,g++ 11.3.0 -std=c++20 -O3 -DNDEBUG -Wall -Wextra -Wpedantic -Wconversion -Wsign-conversion -Wshadow,1000,1024,2,unsafe-no-flush,UNSAFE: no flush during append,1,False,UNSAFE_NONDURABLE_DURING_APPEND_ACKNOWLEDGEMENTS,explicit-final-flush-required-and-performed,UNSAFE / NONDURABLE APPEND ACKNOWLEDGEMENTS: unsafe-no-flush append throughput does not measure crash-safe commits,ok,1000,22349100,23000000,44744.531,True,71073300,71000000,1175061,21171300,1000,1000
raw-includes-nondurable.jsonl.gz,113,114,P1,detlog-wal-bench/v1,1783970667044,windows,gcc 11.3.0,202002,20,25638317094f5a451d7715e301b375e37d87bbb6,g++ 11.3.0 -std=c++20 -O3 -DNDEBUG -Wall -Wextra -Wpedantic -Wconversion -Wsign-conversion -Wshadow,1000,1024,3,flush-every,flush every append,1,True,DURABLE_ACKNOWLEDGEMENTS_DURING_APPEND,append-policy-already-flushed,,ok,1000,33212867400,33212000000,30.109,False,0,0,1175061,29795400,1000,1000
raw-includes-nondurable.jsonl.gz,115,116,P1,detlog-wal-bench/v1,1783970700929,windows,gcc 11.3.0,202002,20,25638317094f5a451d7715e301b375e37d87bbb6,g++ 11.3.0 -std=c++20 -O3 -DNDEBUG -Wall -Wextra -Wpedantic -Wconversion -Wsign-conversion -Wshadow,1000,1024,3,group,group(8),8,True,DURABLE_ACKNOWLEDGEMENTS_DURING_APPEND,append-policy-already-flushed,,ok,125,4392572800,4393000000,227.657,False,0,0,1175061,26609700,1000,1000
raw-includes-nondurable.jsonl.gz,117,118,P1,detlog-wal-bench/v1,1783970706051,windows,gcc 11.3.0,202002,20,25638317094f5a451d7715e301b375e37d87bbb6,g++ 11.3.0 -std=c++20 -O3 -DNDEBUG -Wall -Wextra -Wpedantic -Wconversion -Wsign-conversion -Wshadow,1000,1024,3,group,group(32),32,True,DURABLE_ACKNOWLEDGEMENTS_DURING_APPEND,append-policy-already-flushed,,ok,32,1176627100,1177000000,849.887,False,0,0,1175061,24254300,1000,1000
raw-includes-nondurable.jsonl.gz,119,120,P1,detlog-wal-bench/v1,1783970707906,windows,gcc 11.3.0,202002,20,25638317094f5a451d7715e301b375e37d87bbb6,g++ 11.3.0 -std=c++20 -O3 -DNDEBUG -Wall -Wextra -Wpedantic -Wconversion -Wsign-conversion -Wshadow,1000,1024,3,unsafe-no-flush,UNSAFE: no flush during append,1,False,UNSAFE_NONDURABLE_DURING_APPEND_ACKNOWLEDGEMENTS,explicit-final-flush-required-and-performed,UNSAFE / NONDURABLE APPEND ACKNOWLEDGEMENTS: unsafe-no-flush append throughput does not measure crash-safe commits,ok,1000,17666000,18000000,56605.91,True,62590900,62000000,1175061,21498400,1000,1000
raw-includes-nondurable.jsonl.gz,121,122,P1,detlog-wal-bench/v1,1783974185493,windows,gcc 11.3.0,202002,20,25638317094f5a451d7715e301b375e37d87bbb6,g++ 11.3.0 -std=c++20 -O3 -DNDEBUG -Wall -Wextra -Wpedantic -Wconversion -Wsign-conversion -Wshadow,1000,8192,1,flush-every,flush every append,1,True,DURABLE_ACKNOWLEDGEMENTS_DURING_APPEND,append-policy-already-flushed,,ok,1000,32450202900,32450000000,30.816,False,0,0,8343061,79380800,1000,1000
raw-includes-nondurable.jsonl.gz,123,124,P1,detlog-wal-bench/v1,1783974218701,windows,gcc 11.3.0,202002,20,25638317094f5a451d7715e301b375e37d87bbb6,g++ 11.3.0 -std=c++20 -O3 -DNDEBUG -Wall -Wextra -Wpedantic -Wconversion -Wsign-conversion -Wshadow,1000,8192,1,group,group(8),8,True,DURABLE_ACKNOWLEDGEMENTS_DURING_APPEND,append-policy-already-flushed,,ok,125,4194653700,4194000000,238.399,False,0,0,8343061,79925400,1000,1000
raw-includes-nondurable.jsonl.gz,125,126,P1,detlog-wal-bench/v1,1783974223650,windows,gcc 11.3.0,202002,20,25638317094f5a451d7715e301b375e37d87bbb6,g++ 11.3.0 -std=c++20 -O3 -DNDEBUG -Wall -Wextra -Wpedantic -Wconversion -Wsign-conversion -Wshadow,1000,8192,1,group,group(32),32,True,DURABLE_ACKNOWLEDGEMENTS_DURING_APPEND,append-policy-already-flushed,,ok,32,1284513800,1286000000,778.505,False,0,0,8343061,79793000,1000,1000
raw-includes-nondurable.jsonl.gz,127,128,P1,detlog-wal-bench/v1,1783974225684,windows,gcc 11.3.0,202002,20,25638317094f5a451d7715e301b375e37d87bbb6,g++ 11.3.0 -std=c++20 -O3 -DNDEBUG -Wall -Wextra -Wpedantic -Wconversion -Wsign-conversion -Wshadow,1000,8192,1,unsafe-no-flush,UNSAFE: no flush during append,1,False,UNSAFE_NONDURABLE_DURING_APPEND_ACKNOWLEDGEMENTS,explicit-final-flush-required-and-performed,UNSAFE / NONDURABLE APPEND ACKNOWLEDGEMENTS: unsafe-no-flush append throughput does not measure crash-safe commits,ok,1000,77944800,78000000,12829.592,True,149935300,151000000,8343061,82937800,1000,1000
raw-includes-nondurable.jsonl.gz,129,130,P1,detlog-wal-bench/v1,1783974226655,windows,gcc 11.3.0,202002,20,25638317094f5a451d7715e301b375e37d87bbb6,g++ 11.3.0 -std=c++20 -O3 -DNDEBUG -Wall -Wextra -Wpedantic -Wconversion -Wsign-conversion -Wshadow,1000,8192,2,flush-every,flush every append,1,True,DURABLE_ACKNOWLEDGEMENTS_DURING_APPEND,append-policy-already-flushed,,ok,1000,32791420200,32792000000,30.496,False,0,0,8343061,82060800,1000,1000
raw-includes-nondurable.jsonl.gz,131,132,P1,detlog-wal-bench/v1,1783974260252,windows,gcc 11.3.0,202002,20,25638317094f5a451d7715e301b375e37d87bbb6,g++ 11.3.0 -std=c++20 -O3 -DNDEBUG -Wall -Wextra -Wpedantic -Wconversion -Wsign-conversion -Wshadow,1000,8192,2,group,group(8),8,True,DURABLE_ACKNOWLEDGEMENTS_DURING_APPEND,append-policy-already-flushed,,ok,125,4258760700,4258000000,234.81,False,0,0,8343061,81812500,1000,1000
raw-includes-nondurable.jsonl.gz,133,134,P1,detlog-wal-bench/v1,1783974265356,windows,gcc 11.3.0,202002,20,25638317094f5a451d7715e301b375e37d87bbb6,g++ 11.3.0 -std=c++20 -O3 -DNDEBUG -Wall -Wextra -Wpedantic -Wconversion -Wsign-conversion -Wshadow,1000,8192,2,group,group(32),32,True,DURABLE_ACKNOWLEDGEMENTS_DURING_APPEND,append-policy-already-flushed,,ok,32,1284634600,1284000000,778.431,False,0,0,8343061,82490300,1000,1000
raw-includes-nondurable.jsonl.gz,135,136,P1,detlog-wal-bench/v1,1783974267398,windows,gcc 11.3.0,202002,20,25638317094f5a451d7715e301b375e37d87bbb6,g++ 11.3.0 -std=c++20 -O3 -DNDEBUG -Wall -Wextra -Wpedantic -Wconversion -Wsign-conversion -Wshadow,1000,8192,2,unsafe-no-flush,UNSAFE: no flush during append,1,False,UNSAFE_NONDURABLE_DURING_APPEND_ACKNOWLEDGEMENTS,explicit-final-flush-required-and-performed,UNSAFE / NONDURABLE APPEND ACKNOWLEDGEMENTS: unsafe-no-flush append throughput does not measure crash-safe commits,ok,1000,77050100,77000000,12978.568,True,104101200,105000000,8343061,82918600,1000,1000
raw-includes-nondurable.jsonl.gz,137,138,P1,detlog-wal-bench/v1,1783974268360,windows,gcc 11.3.0,202002,20,25638317094f5a451d7715e301b375e37d87bbb6,g++ 11.3.0 -std=c++20 -O3 -DNDEBUG -Wall -Wextra -Wpedantic -Wconversion -Wsign-conversion -Wshadow,1000,8192,3,flush-every,flush every append,1,True,DURABLE_ACKNOWLEDGEMENTS_DURING_APPEND,append-policy-already-flushed,,ok,1000,32640605900,32642000000,30.637,False,0,0,8343061,85274800,1000,1000
raw-includes-nondurable.jsonl.gz,139,140,P1,detlog-wal-bench/v1,1783974301710,windows,gcc 11.3.0,202002,20,25638317094f5a451d7715e301b375e37d87bbb6,g++ 11.3.0 -std=c++20 -O3 -DNDEBUG -Wall -Wextra -Wpedantic -Wconversion -Wsign-conversion -Wshadow,1000,8192,3,group,group(8),8,True,DURABLE_ACKNOWLEDGEMENTS_DURING_APPEND,append-policy-already-flushed,,ok,125,4013164000,4012000000,249.18,False,0,0,8343061,83680100,1000,1000
raw-includes-nondurable.jsonl.gz,141,142,P1,detlog-wal-bench/v1,1783974306426,windows,gcc 11.3.0,202002,20,25638317094f5a451d7715e301b375e37d87bbb6,g++ 11.3.0 -std=c++20 -O3 -DNDEBUG -Wall -Wextra -Wpedantic -Wconversion -Wsign-conversion -Wshadow,1000,8192,3,group,group(32),32,True,DURABLE_ACKNOWLEDGEMENTS_DURING_APPEND,append-policy-already-flushed,,ok,32,1304325900,1305000000,766.68,False,0,0,8343061,79791800,1000,1000
raw-includes-nondurable.jsonl.gz,143,144,P1,detlog-wal-bench/v1,1783974308512,windows,gcc 11.3.0,202002,20,25638317094f5a451d7715e301b375e37d87bbb6,g++ 11.3.0 -std=c++20 -O3 -DNDEBUG -Wall -Wextra -Wpedantic -Wconversion -Wsign-conversion -Wshadow,1000,8192,3,unsafe-no-flush,UNSAFE: no flush during append,1,False,UNSAFE_NONDURABLE_DURING_APPEND_ACKNOWLEDGEMENTS,explicit-final-flush-required-and-performed,UNSAFE / NONDURABLE APPEND ACKNOWLEDGEMENTS: unsafe-no-flush append throughput does not measure crash-safe commits,ok,1000,79341500,79000000,12603.745,True,170211400,171000000,8343061,81805700,1000,1000
raw-includes-nondurable.jsonl.gz,145,146,P1,detlog-wal-bench/v1,1783977782896,windows,gcc 11.3.0,202002,20,25638317094f5a451d7715e301b375e37d87bbb6,g++ 11.3.0 -std=c++20 -O3 -DNDEBUG -Wall -Wextra -Wpedantic -Wconversion -Wsign-conversion -Wshadow,5000,64,1,flush-every,flush every append,1,True,DURABLE_ACKNOWLEDGEMENTS_DURING_APPEND,append-policy-already-flushed,,ok,5000,169675068900,169675000000,29.468,False,0,0,1075061,174824700,5000,5000
raw-includes-nondurable.jsonl.gz,147,148,P1,detlog-wal-bench/v1,1783977953504,windows,gcc 11.3.0,202002,20,25638317094f5a451d7715e301b375e37d87bbb6,g++ 11.3.0 -std=c++20 -O3 -DNDEBUG -Wall -Wextra -Wpedantic -Wconversion -Wsign-conversion -Wshadow,5000,64,1,group,group(8),8,True,DURABLE_ACKNOWLEDGEMENTS_DURING_APPEND,append-policy-already-flushed,,ok,625,21084358800,21084000000,237.143,False,0,0,1075061,160080900,5000,5000
raw-includes-nondurable.jsonl.gz,149,150,P1,detlog-wal-bench/v1,1783977975430,windows,gcc 11.3.0,202002,20,25638317094f5a451d7715e301b375e37d87bbb6,g++ 11.3.0 -std=c++20 -O3 -DNDEBUG -Wall -Wextra -Wpedantic -Wconversion -Wsign-conversion -Wshadow,5000,64,1,group,group(32),32,True,DURABLE_ACKNOWLEDGEMENTS_DURING_APPEND,append-policy-already-flushed,,ok,157,5200360200,5200000000,961.472,False,0,0,1075061,226363100,5000,5000
raw-includes-nondurable.jsonl.gz,151,152,P1,detlog-wal-bench/v1,1783977981616,windows,gcc 11.3.0,202002,20,25638317094f5a451d7715e301b375e37d87bbb6,g++ 11.3.0 -std=c++20 -O3 -DNDEBUG -Wall -Wextra -Wpedantic -Wconversion -Wsign-conversion -Wshadow,5000,64,1,unsafe-no-flush,UNSAFE: no flush during append,1,False,UNSAFE_NONDURABLE_DURING_APPEND_ACKNOWLEDGEMENTS,explicit-final-flush-required-and-performed,UNSAFE / NONDURABLE APPEND ACKNOWLEDGEMENTS: unsafe-no-flush append throughput does not measure crash-safe commits,ok,5000,363185200,364000000,13767.081,True,57856200,58000000,1075061,174857200,5000,5000
raw-includes-nondurable.jsonl.gz,153,154,P1,detlog-wal-bench/v1,1783977982898,windows,gcc 11.3.0,202002,20,25638317094f5a451d7715e301b375e37d87bbb6,g++ 11.3.0 -std=c++20 -O3 -DNDEBUG -Wall -Wextra -Wpedantic -Wconversion -Wsign-conversion -Wshadow,5000,64,2,flush-every,flush every append,1,True,DURABLE_ACKNOWLEDGEMENTS_DURING_APPEND,append-policy-already-flushed,,ok,5000,168203544000,168204000000,29.726,False,0,0,1075061,189706600,5000,5000
raw-includes-nondurable.jsonl.gz,155,156,P1,detlog-wal-bench/v1,1783978151974,windows,gcc 11.3.0,202002,20,25638317094f5a451d7715e301b375e37d87bbb6,g++ 11.3.0 -std=c++20 -O3 -DNDEBUG -Wall -Wextra -Wpedantic -Wconversion -Wsign-conversion -Wshadow,5000,64,2,group,group(8),8,True,DURABLE_ACKNOWLEDGEMENTS_DURING_APPEND,append-policy-already-flushed,,ok,625,20938190900,20939000000,238.798,False,0,0,1075061,162567300,5000,5000
raw-includes-nondurable.jsonl.gz,157,158,P1,detlog-wal-bench/v1,1783978173716,windows,gcc 11.3.0,202002,20,25638317094f5a451d7715e301b375e37d87bbb6,g++ 11.3.0 -std=c++20 -O3 -DNDEBUG -Wall -Wextra -Wpedantic -Wconversion -Wsign-conversion -Wshadow,5000,64,2,group,group(32),32,True,DURABLE_ACKNOWLEDGEMENTS_DURING_APPEND,append-policy-already-flushed,,ok,157,5287982400,5288000000,945.54,False,0,0,1075061,220416200,5000,5000
raw-includes-nondurable.jsonl.gz,159,160,P1,detlog-wal-bench/v1,1783978179879,windows,gcc 11.3.0,202002,20,25638317094f5a451d7715e301b375e37d87bbb6,g++ 11.3.0 -std=c++20 -O3 -DNDEBUG -Wall -Wextra -Wpedantic -Wconversion -Wsign-conversion -Wshadow,5000,64,2,unsafe-no-flush,UNSAFE: no flush during append,1,False,UNSAFE_NONDURABLE_DURING_APPEND_ACKNOWLEDGEMENTS,explicit-final-flush-required-and-performed,UNSAFE / NONDURABLE APPEND ACKNOWLEDGEMENTS: unsafe-no-flush append throughput does not measure crash-safe commits,ok,5000,366513800,366000000,13642.051,True,105206400,106000000,1075061,171454700,5000,5000
raw-includes-nondurable.jsonl.gz,161,162,P1,detlog-wal-bench/v1,1783978181287,windows,gcc 11.3.0,202002,20,25638317094f5a451d7715e301b375e37d87bbb6,g++ 11.3.0 -std=c++20 -O3 -DNDEBUG -Wall -Wextra -Wpedantic -Wconversion -Wsign-conversion -Wshadow,5000,64,3,flush-every,flush every append,1,True,DURABLE_ACKNOWLEDGEMENTS_DURING_APPEND,append-policy-already-flushed,,ok,5000,166527456300,166527000000,30.025,False,0,0,1075061,184599000,5000,5000
raw-includes-nondurable.jsonl.gz,163,164,P1,detlog-wal-bench/v1,1783978348700,windows,gcc 11.3.0,202002,20,25638317094f5a451d7715e301b375e37d87bbb6,g++ 11.3.0 -std=c++20 -O3 -DNDEBUG -Wall -Wextra -Wpedantic -Wconversion -Wsign-conversion -Wshadow,5000,64,3,group,group(8),8,True,DURABLE_ACKNOWLEDGEMENTS_DURING_APPEND,append-policy-already-flushed,,ok,625,21161382200,21160000000,236.279,False,0,0,1075061,166668000,5000,5000
raw-includes-nondurable.jsonl.gz,165,166,P1,detlog-wal-bench/v1,1783978370790,windows,gcc 11.3.0,202002,20,25638317094f5a451d7715e301b375e37d87bbb6,g++ 11.3.0 -std=c++20 -O3 -DNDEBUG -Wall -Wextra -Wpedantic -Wconversion -Wsign-conversion -Wshadow,5000,64,3,group,group(32),32,True,DURABLE_ACKNOWLEDGEMENTS_DURING_APPEND,append-policy-already-flushed,,ok,157,6323730900,6324000000,790.672,False,0,0,1075061,257316800,5000,5000
raw-includes-nondurable.jsonl.gz,167,168,P1,detlog-wal-bench/v1,1783978378040,windows,gcc 11.3.0,202002,20,25638317094f5a451d7715e301b375e37d87bbb6,g++ 11.3.0 -std=c++20 -O3 -DNDEBUG -Wall -Wextra -Wpedantic -Wconversion -Wsign-conversion -Wshadow,5000,64,3,unsafe-no-flush,UNSAFE: no flush during append,1,False,UNSAFE_NONDURABLE_DURING_APPEND_ACKNOWLEDGEMENTS,explicit-final-flush-required-and-performed,UNSAFE / NONDURABLE APPEND ACKNOWLEDGEMENTS: unsafe-no-flush append throughput does not measure crash-safe commits,ok,5000,364826600,365000000,13705.141,True,66128700,65000000,1075061,222015700,5000,5000
raw-includes-nondurable.jsonl.gz,169,170,P1,detlog-wal-bench/v1,1783981374582,windows,gcc 11.3.0,202002,20,25638317094f5a451d7715e301b375e37d87bbb6,g++ 11.3.0 -std=c++20 -O3 -DNDEBUG -Wall -Wextra -Wpedantic -Wconversion -Wsign-conversion -Wshadow,5000,1024,1,flush-every,flush every append,1,True,DURABLE_ACKNOWLEDGEMENTS_DURING_APPEND,append-policy-already-flushed,,ok,5000,163356046400,163356000000,30.608,False,0,0,5875061,159062600,5000,5000
raw-includes-nondurable.jsonl.gz,171,172,P1,detlog-wal-bench/v1,1783981538805,windows,gcc 11.3.0,202002,20,25638317094f5a451d7715e301b375e37d87bbb6,g++ 11.3.0 -std=c++20 -O3 -DNDEBUG -Wall -Wextra -Wpedantic -Wconversion -Wsign-conversion -Wshadow,5000,1024,1,group,group(8),8,True,DURABLE_ACKNOWLEDGEMENTS_DURING_APPEND,append-policy-already-flushed,,ok,625,20660548400,20660000000,242.007,False,0,0,5875061,154091500,5000,5000
raw-includes-nondurable.jsonl.gz,173,174,P1,detlog-wal-bench/v1,1783981560352,windows,gcc 11.3.0,202002,20,25638317094f5a451d7715e301b375e37d87bbb6,g++ 11.3.0 -std=c++20 -O3 -DNDEBUG -Wall -Wextra -Wpedantic -Wconversion -Wsign-conversion -Wshadow,5000,1024,1,group,group(32),32,True,DURABLE_ACKNOWLEDGEMENTS_DURING_APPEND,append-policy-already-flushed,,ok,157,5819674000,5819000000,859.155,False,0,0,5875061,152686500,5000,5000
raw-includes-nondurable.jsonl.gz,175,176,P1,detlog-wal-bench/v1,1783981567009,windows,gcc 11.3.0,202002,20,25638317094f5a451d7715e301b375e37d87bbb6,g++ 11.3.0 -std=c++20 -O3 -DNDEBUG -Wall -Wextra -Wpedantic -Wconversion -Wsign-conversion -Wshadow,5000,1024,1,unsafe-no-flush,UNSAFE: no flush during append,1,False,UNSAFE_NONDURABLE_DURING_APPEND_ACKNOWLEDGEMENTS,explicit-final-flush-required-and-performed,UNSAFE / NONDURABLE APPEND ACKNOWLEDGEMENTS: unsafe-no-flush append throughput does not measure crash-safe commits,ok,5000,159642800,160000000,31319.922,True,92214300,91000000,5875061,171460400,5000,5000
raw-includes-nondurable.jsonl.gz,177,178,P1,detlog-wal-bench/v1,1783981568090,windows,gcc 11.3.0,202002,20,25638317094f5a451d7715e301b375e37d87bbb6,g++ 11.3.0 -std=c++20 -O3 -DNDEBUG -Wall -Wextra -Wpedantic -Wconversion -Wsign-conversion -Wshadow,5000,1024,2,flush-every,flush every append,1,True,DURABLE_ACKNOWLEDGEMENTS_DURING_APPEND,append-policy-already-flushed,,ok,5000,160670374200,160670000000,31.12,False,0,0,5875061,164227200,5000,5000
raw-includes-nondurable.jsonl.gz,179,180,P1,detlog-wal-bench/v1,1783981729570,windows,gcc 11.3.0,202002,20,25638317094f5a451d7715e301b375e37d87bbb6,g++ 11.3.0 -std=c++20 -O3 -DNDEBUG -Wall -Wextra -Wpedantic -Wconversion -Wsign-conversion -Wshadow,5000,1024,2,group,group(8),8,True,DURABLE_ACKNOWLEDGEMENTS_DURING_APPEND,append-policy-already-flushed,,ok,625,20509032300,20509000000,243.795,False,0,0,5875061,154036700,5000,5000
raw-includes-nondurable.jsonl.gz,181,182,P1,detlog-wal-bench/v1,1783981750935,windows,gcc 11.3.0,202002,20,25638317094f5a451d7715e301b375e37d87bbb6,g++ 11.3.0 -std=c++20 -O3 -DNDEBUG -Wall -Wextra -Wpedantic -Wconversion -Wsign-conversion -Wshadow,5000,1024,2,group,group(32),32,True,DURABLE_ACKNOWLEDGEMENTS_DURING_APPEND,append-policy-already-flushed,,ok,157,5157540300,5157000000,969.454,False,0,0,5875061,150081100,5000,5000
raw-includes-nondurable.jsonl.gz,183,184,P1,detlog-wal-bench/v1,1783981756925,windows,gcc 11.3.0,202002,20,25638317094f5a451d7715e301b375e37d87bbb6,g++ 11.3.0 -std=c++20 -O3 -DNDEBUG -Wall -Wextra -Wpedantic -Wconversion -Wsign-conversion -Wshadow,5000,1024,2,unsafe-no-flush,UNSAFE: no flush during append,1,False,UNSAFE_NONDURABLE_DURING_APPEND_ACKNOWLEDGEMENTS,explicit-final-flush-required-and-performed,UNSAFE / NONDURABLE APPEND ACKNOWLEDGEMENTS: unsafe-no-flush append throughput does not measure crash-safe commits,ok,5000,154267100,155000000,32411.318,True,123311800,123000000,5875061,156815500,5000,5000
raw-includes-nondurable.jsonl.gz,185,186,P1,detlog-wal-bench/v1,1783981758074,windows,gcc 11.3.0,202002,20,25638317094f5a451d7715e301b375e37d87bbb6,g++ 11.3.0 -std=c++20 -O3 -DNDEBUG -Wall -Wextra -Wpedantic -Wconversion -Wsign-conversion -Wshadow,5000,1024,3,flush-every,flush every append,1,True,DURABLE_ACKNOWLEDGEMENTS_DURING_APPEND,append-policy-already-flushed,,ok,5000,161093689500,161093000000,31.038,False,0,0,5875061,161463900,5000,5000
raw-includes-nondurable.jsonl.gz,187,188,P1,detlog-wal-bench/v1,1783981920034,windows,gcc 11.3.0,202002,20,25638317094f5a451d7715e301b375e37d87bbb6,g++ 11.3.0 -std=c++20 -O3 -DNDEBUG -Wall -Wextra -Wpedantic -Wconversion -Wsign-conversion -Wshadow,5000,1024,3,group,group(8),8,True,DURABLE_ACKNOWLEDGEMENTS_DURING_APPEND,append-policy-already-flushed,,ok,625,20439195500,20439000000,244.628,False,0,0,5875061,166703900,5000,5000
raw-includes-nondurable.jsonl.gz,189,190,P1,detlog-wal-bench/v1,1783981941305,windows,gcc 11.3.0,202002,20,25638317094f5a451d7715e301b375e37d87bbb6,g++ 11.3.0 -std=c++20 -O3 -DNDEBUG -Wall -Wextra -Wpedantic -Wconversion -Wsign-conversion -Wshadow,5000,1024,3,group,group(32),32,True,DURABLE_ACKNOWLEDGEMENTS_DURING_APPEND,append-policy-already-flushed,,ok,157,5176419200,5176000000,965.919,False,0,0,5875061,152884300,5000,5000
raw-includes-nondurable.jsonl.gz,191,192,P1,detlog-wal-bench/v1,1783981947342,windows,gcc 11.3.0,202002,20,25638317094f5a451d7715e301b375e37d87bbb6,g++ 11.3.0 -std=c++20 -O3 -DNDEBUG -Wall -Wextra -Wpedantic -Wconversion -Wsign-conversion -Wshadow,5000,1024,3,unsafe-no-flush,UNSAFE: no flush during append,1,False,UNSAFE_NONDURABLE_DURING_APPEND_ACKNOWLEDGEMENTS,explicit-final-flush-required-and-performed,UNSAFE / NONDURABLE APPEND ACKNOWLEDGEMENTS: unsafe-no-flush append throughput does not measure crash-safe commits,ok,5000,156048000,156000000,32041.423,True,119574600,120000000,5875061,153882300,5000,5000
raw-includes-nondurable.jsonl.gz,193,194,P1,detlog-wal-bench/v1,1783984986463,windows,gcc 11.3.0,202002,20,25638317094f5a451d7715e301b375e37d87bbb6,g++ 11.3.0 -std=c++20 -O3 -DNDEBUG -Wall -Wextra -Wpedantic -Wconversion -Wsign-conversion -Wshadow,5000,8192,1,flush-every,flush every append,1,True,DURABLE_ACKNOWLEDGEMENTS_DURING_APPEND,append-policy-already-flushed,,ok,5000,160815311900,160816000000,31.092,False,0,0,41715061,462642500,5000,5000
raw-includes-nondurable.jsonl.gz,195,196,P1,detlog-wal-bench/v1,1783985148490,windows,gcc 11.3.0,202002,20,25638317094f5a451d7715e301b375e37d87bbb6,g++ 11.3.0 -std=c++20 -O3 -DNDEBUG -Wall -Wextra -Wpedantic -Wconversion -Wsign-conversion -Wshadow,5000,8192,1,group,group(8),8,True,DURABLE_ACKNOWLEDGEMENTS_DURING_APPEND,append-policy-already-flushed,,ok,625,21161182700,21161000000,236.282,False,0,0,41715061,469435300,5000,5000
raw-includes-nondurable.jsonl.gz,197,198,P1,detlog-wal-bench/v1,1783985170843,windows,gcc 11.3.0,202002,20,25638317094f5a451d7715e301b375e37d87bbb6,g++ 11.3.0 -std=c++20 -O3 -DNDEBUG -Wall -Wextra -Wpedantic -Wconversion -Wsign-conversion -Wshadow,5000,8192,1,group,group(32),32,True,DURABLE_ACKNOWLEDGEMENTS_DURING_APPEND,append-policy-already-flushed,,ok,157,6401509100,6402000000,781.066,False,0,0,41715061,458366700,5000,5000
raw-includes-nondurable.jsonl.gz,199,200,P1,detlog-wal-bench/v1,1783985178389,windows,gcc 11.3.0,202002,20,25638317094f5a451d7715e301b375e37d87bbb6,g++ 11.3.0 -std=c++20 -O3 -DNDEBUG -Wall -Wextra -Wpedantic -Wconversion -Wsign-conversion -Wshadow,5000,8192,1,unsafe-no-flush,UNSAFE: no flush during append,1,False,UNSAFE_NONDURABLE_DURING_APPEND_ACKNOWLEDGEMENTS,explicit-final-flush-required-and-performed,UNSAFE / NONDURABLE APPEND ACKNOWLEDGEMENTS: unsafe-no-flush append throughput does not measure crash-safe commits,ok,5000,479970000,481000000,10417.318,True,359102700,360000000,41715061,452433200,5000,5000
raw-includes-nondurable.jsonl.gz,201,202,P1,detlog-wal-bench/v1,1783985180416,windows,gcc 11.3.0,202002,20,25638317094f5a451d7715e301b375e37d87bbb6,g++ 11.3.0 -std=c++20 -O3 -DNDEBUG -Wall -Wextra -Wpedantic -Wconversion -Wsign-conversion -Wshadow,5000,8192,2,flush-every,flush every append,1,True,DURABLE_ACKNOWLEDGEMENTS_DURING_APPEND,append-policy-already-flushed,,ok,5000,161025729100,161026000000,31.051,False,0,0,41715061,491068600,5000,5000
raw-includes-nondurable.jsonl.gz,203,204,P1,detlog-wal-bench/v1,1783985342614,windows,gcc 11.3.0,202002,20,25638317094f5a451d7715e301b375e37d87bbb6,g++ 11.3.0 -std=c++20 -O3 -DNDEBUG -Wall -Wextra -Wpedantic -Wconversion -Wsign-conversion -Wshadow,5000,8192,2,group,group(8),8,True,DURABLE_ACKNOWLEDGEMENTS_DURING_APPEND,append-policy-already-flushed,,ok,625,21282510000,21283000000,234.935,False,0,0,41715061,461335700,5000,5000
raw-includes-nondurable.jsonl.gz,205,206,P1,detlog-wal-bench/v1,1783985365062,windows,gcc 11.3.0,202002,20,25638317094f5a451d7715e301b375e37d87bbb6,g++ 11.3.0 -std=c++20 -O3 -DNDEBUG -Wall -Wextra -Wpedantic -Wconversion -Wsign-conversion -Wshadow,5000,8192,2,group,group(32),32,True,DURABLE_ACKNOWLEDGEMENTS_DURING_APPEND,append-policy-already-flushed,,ok,157,6346802900,6348000000,787.798,False,0,0,41715061,456974300,5000,5000
raw-includes-nondurable.jsonl.gz,207,208,P1,detlog-wal-bench/v1,1783985372602,windows,gcc 11.3.0,202002,20,25638317094f5a451d7715e301b375e37d87bbb6,g++ 11.3.0 -std=c++20 -O3 -DNDEBUG -Wall -Wextra -Wpedantic -Wconversion -Wsign-conversion -Wshadow,5000,8192,2,unsafe-no-flush,UNSAFE: no flush during append,1,False,UNSAFE_NONDURABLE_DURING_APPEND_ACKNOWLEDGEMENTS,explicit-final-flush-required-and-performed,UNSAFE / NONDURABLE APPEND ACKNOWLEDGEMENTS: unsafe-no-flush append throughput does not measure crash-safe commits,ok,5000,452415700,452000000,11051.783,True,126854200,127000000,41715061,462379800,5000,5000
raw-includes-nondurable.jsonl.gz,209,210,P1,detlog-wal-bench/v1,1783985374352,windows,gcc 11.3.0,202002,20,25638317094f5a451d7715e301b375e37d87bbb6,g++ 11.3.0 -std=c++20 -O3 -DNDEBUG -Wall -Wextra -Wpedantic -Wconversion -Wsign-conversion -Wshadow,5000,8192,3,flush-every,flush every append,1,True,DURABLE_ACKNOWLEDGEMENTS_DURING_APPEND,append-policy-already-flushed,,ok,5000,159501271900,159500000000,31.348,False,0,0,41715061,478122800,5000,5000
raw-includes-nondurable.jsonl.gz,211,212,P1,detlog-wal-bench/v1,1783985535178,windows,gcc 11.3.0,202002,20,25638317094f5a451d7715e301b375e37d87bbb6,g++ 11.3.0 -std=c++20 -O3 -DNDEBUG -Wall -Wextra -Wpedantic -Wconversion -Wsign-conversion -Wshadow,5000,8192,3,group,group(8),8,True,DURABLE_ACKNOWLEDGEMENTS_DURING_APPEND,append-policy-already-flushed,,ok,625,20403452700,20404000000,245.057,False,0,0,41715061,472932100,5000,5000
raw-includes-nondurable.jsonl.gz,213,214,P1,detlog-wal-bench/v1,1783985556834,windows,gcc 11.3.0,202002,20,25638317094f5a451d7715e301b375e37d87bbb6,g++ 11.3.0 -std=c++20 -O3 -DNDEBUG -Wall -Wextra -Wpedantic -Wconversion -Wsign-conversion -Wshadow,5000,8192,3,group,group(32),32,True,DURABLE_ACKNOWLEDGEMENTS_DURING_APPEND,append-policy-already-flushed,,ok,157,6120931900,6122000000,816.869,False,0,0,41715061,466722300,5000,5000
raw-includes-nondurable.jsonl.gz,215,216,P1,detlog-wal-bench/v1,1783985564163,windows,gcc 11.3.0,202002,20,25638317094f5a451d7715e301b375e37d87bbb6,g++ 11.3.0 -std=c++20 -O3 -DNDEBUG -Wall -Wextra -Wpedantic -Wconversion -Wsign-conversion -Wshadow,5000,8192,3,unsafe-no-flush,UNSAFE: no flush during append,1,False,UNSAFE_NONDURABLE_DURING_APPEND_ACKNOWLEDGEMENTS,explicit-final-flush-required-and-performed,UNSAFE / NONDURABLE APPEND ACKNOWLEDGEMENTS: unsafe-no-flush append throughput does not measure crash-safe commits,ok,5000,466209200,466000000,10724.799,True,295299800,296000000,41715061,461341100,5000,5000
